content_id,content,subject,sentiment_value
Mf0pA5qQC4LnIYN6,你 的 车行 一千公里 烧 多少 机油,动力,0
GdnJ6HU9fbIqp4XO,为什么 我 觉得 电尾门 好 鸡肋 ？ 开关 太慢 ， 每次 洗车 都 要 跟 小工 交代 不洗 后备箱 ， 怕 他们 用力 开关 搞 烂掉,空间,0
9C8ohYfqvs03VMOi,仔细 想 了 一下 ， 新 美孚 0w30 非常适合 318 线 进藏 。 进藏 途中 高速公路 长时间 高转速 ， 高 海拔 的 高山 爬坡 需要 长时间 高转速 ； 上 到 海拔 4000 - 5000 米 的 时候 温度 低 ， 需要 低温 流动性 ， 0 比 5 更 合适 。 下坡 到 谷底 的 时候 气温 升高 30 比 20 更 合适 。 进藏 自驾 的 人 以 安全 去 安全 回 为首 要 目标 ， 计较 油耗 的 人会少 很多 。 所以 以后 进藏 新 美孚 一号 就是 标配 了,动力/油耗,0
OzCDdI38Ys51Goye,女儿 是 农学 专业   以后 田间 地头 的 . 底盘 加强 件 用 的 上 。,操控,0
1BYpO9FsgkmWLNQu,平常心 吧 ， 我 本来 想买傲 虎 ， 优惠 不 大 ， 钱 不够 ， 改提 森林 人 ， 6 月 提 尊贵 优惠 1.4 w ， 到 了 9 月 做 活动 森林 人 全系 2w ， 傲虎 全系 3w ， 我 ......,价格,0
VC0wDIiqny4pfQ6B,老 司机 ， 真的 刹车 开关 的 问题,安全性,0
lNmO6e78ptbndGFf,森 的 方向盘 确实 傻   X ， 号称 所谓 的 灵敏 ， 高架 高速 上 真的 需要 一直 微调 。 。 。 。,操控,-1
5HiSjb49o1e7VUYA,FB2.0 正在 用 ， 跑 2000 多公里 了 ， 市区 走街 高速 运动 感觉 不错 ， 噪音 低,舒适性,1
hkNTDRYOPWmUg6Xa,嗯 我 也 觉得 价格 可以 。 这 几天 很多 保险公司 一直 打电话 大多 都 是 这个 价格 贵点 4000 多点 ， 便宜 点 3800 还有 送点 东西,价格,1
sP1Nqeb0C82DRgOw,车 和 我 的 一样 ， 前 几天 卖 了 10.5 ， 把 改装 的 金 B 刹车 和 BBS 轮毂 都 拿 下来 了,安全性,0
5xB3ctyLS6sgfOMT,什么 价格 拿 下来 的   我 的 7.6 万,价格,0
V7IbnJ2Wzds6fGZo,优惠 4 - 5W 然后 加上 免费 更换 全 车 油水 可以 考虑 购买 。 否则 建议 还是 不要 贪 这个 便宜 了 。,价格,0
cQMprOv27lxbZ1Vh,16 款 的   尊贵 导航 版   现金 只 给 优惠 9000   我 河北 邯郸,配置,0
hao9B5Up4QEsfACM,这能 看得出来 吗 ？ 你 经常 发生 晃动 ？ 我 是 偶尔 会 这样 ， 不 知道 怎么 让 其他人 能 感受 到 这种 晃动 ， 晃动 的 声响 很 微弱 的 ， 而且 不 一定 一定 能 试出来,舒适性,0
3iUsvfm07upXKDn6,我 记得 不是 很 清楚 排量 了 ， 作为 中薪 价层 还是 小众车 没 那么 引人注目   ， 我 的 是 16 款 。,价格,0
rAvBTN1hj3tSLJH6,这 两款 车型 根本 没有 可比性 ， 一个 非 承载 式 车身 ， 一个 承载 式 车身 。 我 觉得 森林 人 定位 就是 城市 suv 兼顾 跑跑 轻度 烂路 ， 越野 耐 艹 是 H5 ， 公路 性能 森林 人 。,外观/操控/动力,1
dgoN4IiZw5Xh7leu,硬 ， 舒适性 降低 ， 其实 本来 舒适性 就 不 咋 地 。,舒适性,-1
fonlWtHuzhk3Pe6O,加 92 足够 了 ， 森林 人 不 挑油 。 断电 以后 电动 座椅 可以 调节,油耗,0
cdkKhmQNil7OW2vX,15 款 2.5 特 装版 ， 行驶 30000 公里 ， 第一个 10000 平均 油耗 10.2 ， 第二个 10000 公里 平均 油耗 8.8 ， 第三个 10000 公里 平均 油耗 9.0 ， 总体而言 与 B 级 轿车 相当 。 市区 10 - 12 ， 看 拥堵 程度 ， 高速 6.0 - 8.0 ， 看 速度 及 地形 ， 平原 高速 100 码 6.0 ， 山区 7.0,油耗,0
h21bAUM9xN7Iopdz,减去 我 加装 的 东西 ， 和 按揭 利息 的话 是 ， 二十六 万 六千 ， 这个 价格 算贵 的 吗,价格,0
3SnKtsjVhOEQYwe4,还是 可以 的 ， 这个 还 需要 自己 去 4S店 问问 价格 ， 在 对比 一下 ， 然后 看车 商城 的 购买 流程 ， 希望 可以 提到 自己 满意 的 车 ， http : / / club . autohome . com . cn / bbs / thread - c - 2139 - 65789395 - 1 . html 麻烦 站 用 你 一分钟 ， 打开 链接 投 一下 6 号 ， 谢谢,价格,0
xiEaQusMpZePr7m1,操控 好 的 车 比 他 越野 能力差 ， 越野 能力 好 的 比 他 操控 差 。 森林 人 基本 就是 这个 样子 。,操控,0
GLp8t9HWq6IbFy4v,这车 有 手动 模式 的 。 档杆 在 D 档时 往 左 就 换 入手 动 了 ， 当然 可以 锁定 1 档 ， 但 速度 快时 还 得 要 踩 一下 刹车 ， 长 下坡 跟 在 大车 后面 时 一定 要 用 手动 。,安全性,0
GDwBchnHrNkd7TyE,哦 ， 不会 是 发动机 吧 ， 斯巴鲁 森林 人 都 会 有 这种 情况 吗 ， 我 是 小白,动力,0
N7OkqmnzUXaFYJtA,应该 是 打开 暖风 时 空调 风机 的 声音 ， 我 的 也 有 ， 暂时 还 没有 处理 办法 ~,舒适性,0
5EbALXgIUQcWH1dB,能 上 2.5 还是 选择 2.5 呗 ， 动力 强劲 点 没什么 ， 但是 动力 弱 了 开车 的 时候 该 郁闷 了 。,动力,0
3BhjFS4gGKHPpYef,海拔 2700 米 以上 动力 差别 明显 。 因为 高原 是 涡轮 的 天下 。 城镇 红绿灯 密集 的 地方 有 涡轮 又 如何 ？,动力,0
x7azrl4SQ1qNc63o,是 的 ， 但 速度 110 以上 油耗 会 在 7 以上 且 一直 往上升 了 。,油耗,-1
FD1mqNbPKHyl2hk0,轮毂 太丑 了 。 。 。 内饰 一股 丰田 味 。 前脸 么 。 。 我 感觉 都 还是 现款 好看 。,内饰/外观,-1
lcbPsuxnAq46oWLy,你 的 消耗 ， 我 可以 百分百 确定 烧 机油 ， 不信 上 高速 开 了 2000 公里 试试 ， 特别 是 S 模式 ， 百分百 亮灯,动力,0
k8sR4l3GoOBdq2Nt,EJ255 真心 费油 ， 我 是 se ， 看 你 80 公里 巡航 竟然 也 在 8 个油 以上 ， 泪目 啊 ， 我 跑 几百公里 油耗 ， 表显 也 没 低于 9 ， 唉 ， 这 一代 2.5 t 除了 油耗 几乎 是 完美 的,油耗,-1
CHw6my9VDOX0o3dc,豪华版 得 都 是 不 带 前 脸 獠牙 的 吗,外观,0
anmbZCikBo3lvFOf,我装 了 它 的 发动机 、 后 差速器 护板 ， 没有 适合 四代 的 变速箱 护板 。 高速 跑 到 120 没有 风噪 问题 ， 主要 是 出去玩 走烂路 、 下 公路 更加 放心 一点 。,舒适性/动力,1
c97sQX4VwKO0FfzB,见 我 另外 一个 帖子 ， 有 买车 过程 ， 车子 开 的 很爽 ， 方向 轻 ， 反应 灵敏 ， 加速 不错 ， 空调 凉 。 现在 不好 的 方面 就是 起步 比较 窜 ， 刹车 软 ， 油耗 在 市区 要 13 个 ， 最 受不了 的 就是 音响 实在 实在 太 差 ， 下周 换 了 它 。 还有 隔音 差 ， 喇叭 滴滴 声 ， 太次 了 ， 感觉 就是 在 车 内响 一样 。,安全性/舒适性/动力,1
V3EigZNclntHRJy0,2.0 T 不是 不好 ， 相对来说 2.5 性价比 高些 ， 动力 2.0 T 肯定 是 比 2.5 强 。,动力,0
fuJs58MIY61rmFEU,降 的 是 报关 价 的 税率 ， 不是 终端 销售 的 价格 ， 两码事 儿 。   反正 我 听说 宝马 70 万 的 车 报关 也 就 17 万 （ 虽然 可能 不是 真的 但 估计 也 差 不了 多少 ）,价格,0
dx3TzaluHpIsUNEZ,因为 在 美国 斯巴鲁 便宜 啊 ， 性价比 高 啊 ， 不然 谁 会 买 。 除了 水平 对置 全时 四驱 和 ES ， 没有 吸引 人 的 地方 ， 渣 渣 内饰 ， 渣 渣 配置 。 但是 真的 便宜 ， 性价比 秒杀 其他 品牌 。 中国 贵 40 - 50 谁 买账 … …,配置/操控/内饰,0
MlnX9UEBeOAIkxHY,总结 的 很 准确   我 马上 四 万公里 ， 跟 你 情况 差不多 ， 包括 油耗 。,油耗,0
EvOtYls3joQpAmJ1,比 森林 人 销量 好 的 多 了 去 了 ， 看看 这张 美国市场 里 这个 级别 的 suv 销量 表吧 ， 森林 人 是 里面 起 售价 第二 低 的 （ 价格 最低 的 是 自由 侠 ） ， 即便如此 森林 人 的 销量 也 只不过 如此,价格,1
mI5enfwPzHv37qXo,欧蓝德 好 ， 宇宙 最强 ， 秒 天 秒 地 秒 空气 ， 看 价格 的话 再贵 的 车 也 没有 欧蓝德 好 ， 看 速度 的话 再 快 的 车 也 没有 欧蓝德 好 ， 看 性能 的话 再 强大 的 车 也 没有 欧蓝德 好 ， 看 越野 能力 的话 坦克 也 没有 欧蓝德 好 ， 详细情况 请 咨询 欧蓝德 区 的 车盲 。,价格/动力/配置,1
JzrKhfMcaYOG4Hu8,我 刚才 跟 4S 的 客服 妹纸 说 了 ， 她 也 很 惊讶 ， 让 我 中午 去 4S 抽掉 点 。 态度 还 不错 ， 不过 她 说 可能 是因为 发动机 润滑 没 清洗 的 关系 。 我 觉得 才 1.4 W 公里 就要 清洗 这个 玩意 了 ？,动力,0
cqW8uUefywPI7sV0,肯定 比 不过 速腾 的 ， 速腾后 悬架 断 了 也 没事 只是 会 发出 警示 性 噪音 提醒 车主 。,舒适性,0
erTG8u1ymChdvblj,想 问下 你 这 后备箱 的 灯 是 ？,空间,0
KfVNsgalPvWq3OF0,优惠 应该 在 2.5 w 以上,价格,0
2AogMCNIWXOZFeKp,转向 助力 油壶 ， 10 万公里 以内 要 更换 助力 油 的 ！,动力,0
roFU8kImxs9CynVQ,新车 ， 带不带 发动机 护板 ？,动力,0
qTeEl72IZoQNYhjL,我 就是 开 2.0 去 西藏 的 ， 全程 1.2 万公里 ， 没换 过 机油 ， 啥事 都 没 ， 动力 高原 爬坡 自然 吸气 没 涡轮 的 好 ， 要 不 2.0 ， 要 不 2.0 t ， 不要 买 2.5,动力,0
YZ26X37A81yqdjS9,xv 森林 人 都 能 上 ， 感兴趣 的 私信 我 价格 ！,价格,0
WZKCyh3kaOXA6qnV,内饰 照片 上传 一下 ， 6 速 手动 ， 开 起来 真 舒服 啊 。,动力,1
sxM175cuWY6QVrqD,朋友 ， 找到 原因 了 吗 ？ 前两天 清洗 了 空气 流量计 和 节气门 。 忘记 断电 了 ！ 今 早上 ， 断 了 下 电 之后 ， 油耗 飙升 。 十多公里 的 路程 ， 油耗 最低 13.4 。 而且 ， 情况 跟 你 一样 的 ， 挂 D 档 不 加油 不 走 ， 方向 重,油耗/动力,0
klCe6fAqr7JQIRt1,冬季 东北 零下 二十度 ， 城区 油耗 15 的 飘过,油耗,0
ky8NHXigKMqapn7L,恭喜 恭喜 ， 裸车 多少 ？ 落地 多少 ？ 有无 优惠 ？,价格,0
e50OUExuPZyLHz1R,途虎 买 动力 侠 可以 买 到 日本 进口 的,动力,0
BbLcRq2OAf6F3Tza,我 就是 07 款 二代 姥姥 森 11 年 多 了 ， ej20 的 发动机 不 也 是 水平 对置 的 ？,动力,0
8M3Xt1ubNUdvQsF7,我 去 ， 最近 补充 机油 后 ， 500km 消耗 了 1cm ， 有点 受不了 了 。,动力,-1
I1lbmFQTYCZxNJ5D,全时 四驱 不仅 体现 在 雨雪 恶劣 天气 下 的 路况 通过 表现 ， 同时 也 是 日常 驾驶 良好 的 抓 地力 等 主动 安全 的 保证 ， 底盘 表现 秒杀 同价位 其他 车系 品牌 说 得 一点 也 不为过 。 真心 希望 关注 喜欢 它 的 人 多多 去 4s店 去 试驾 一番 ， 它 的确 名符其实 。,安全性,0
FURQDu3atlyG2P7f,我 的 也 会 ， 重起会 熄火 。 在 重启 就 发动机 转速 低 ，     在 重起 才 正常 ，     好像 是 停车 了 车内 空调 没 关 耗电 问题 。 关 了 空调 启动 就 不会 。   电池 博士 的     看 电池 显示 蓝灯   健康 状态 。,动力/舒适性/操控,-1
fJnBFKaP0ZiWy5Nv,我 16 万后 用 40 的 机油 了 ， FB20 发动机,动力,0
kG1tITviwqzc0bHn,优越 的 安全性 及 便利性 配置 ， 要是 价格 再 低 一点 的话 ， 诸多 人性 配置 ， 真 让 我 心动,配置/安全性/价格,0
rqCXELVFPQN02fak,也 打算 买 一台 2.5 ， 但 现在 纠结 三点 ： 1 、 16 款 的 即将 面临 换代 ； 2 、 同样 担心 烧 机油 ； 3 、 车子 今后 开 的 时间 长 了 ， 易损 配件 价格 高 ， 不太好 转手 。,价格,-1
w0hAsE95pjTbO4mq,米其林 哪 一款 忘记 了 ， 主打 静音,舒适性,1
3qc8BHaXmeAogx51,还有 四个 车门 开到 路 不好 的 地方 咯吱咯吱 响 ， 天窗 也 漏水 一次,舒适性,-1
JqFT30iLNzrUZPIO,如果 是 原版 途观 还 算 马马虎虎 ， 国产 拉皮 途观 还是 算了吧 。 中国 汽车 工业 历史 上 唯一 一例 新车 发布 试驾会 烧死 生产厂家 老总 级 高管 的 奇葩 ， 从 娘胎 里 带来 专烧 机油 漏 机油 的 EA888 发动机 、 专坑 中国 人 的 双 离合 变速箱 。,动力,-1
Gq01pn6k2fgLjNJm,不 关心 油耗 ， 只在乎 开得爽,油耗,0
zRxfWY9X8bnvHdj2,问题 不 大 ， 几百米 没事 的 ， 以后 注意 避免 这种 情况 吧 ； 不 放心 的话 可以 检查一下 后 刹车盘 ， 看 有没有 异常 磨损 的 环形 凹槽 或者 明显 变色 了 。,安全性,0
UAj2t1QPXKOfvC6c,外观 显得 低 而已 ， 进气口 高度 全系列 一样 的 。,外观,1
pQrDnYf5Wvo2y08C,我 在 4s店 看 有 两块   底盘 护板   铝合金 那个   750 一块,操控,0
X6VhCqfO8wmspPaY,虎子   底盘 隔音 好   其他 一个 鸟样 ！ 开 起来 森贼,操控,1
5eLgkz9RhjGnPAB3,2.0 完全 够用 了 140 之内 还 可以 爬坡 除外 ， 140 之后 加速 就 不要 指望 有 什么 好 的 表现 ， 除了 慢 还是 慢 我 最高 跑 过 180 ， 2.0 森林 人 加速 还 没有 我 以前 的 锋范爽,动力,0
O1fuTCg7DqtFGJcj,奇骏 没 Eyesight ， 视野 差 ， 味道 大 ， 但是 便宜 啊 ， 特别 是 保养 维修 ， 估计 比 森林 人少 1 / 3 。 油耗 堵车 可能 相差 不 大 。 日产 的 的 CVT 变速箱 起步 顺滑 ， 有种 佛系 的 感觉 。,油耗/舒适性/动力,1
g6U1fBPsRtSuZN79,应该 换 了 ， 上 面积 炭 明显 ， 可能 发动机 里面 应该 也 有 ， 建议 加油 时用 除 积炭 的 添加剂 。,油耗,0
HFv0Wb6EUalAt52c,呵呵 ， suv 论 操控 都 tm 是 扯淡 ， 反正 我 没觉 出 操控 有 多 好 ， 连 我 的 筷子 悬挂 的 凯美瑞 都 不如,操控,0
r2afZh6vtmRxuHzd,SE 的 钢圈 可以 过 WRX 的 刹车 卡钳 ， 没 问题 的 ， 我 改过 ， 看看 图片 给 你 ， 不用 加 垫片 ！,安全性,0
dLRJZFgTqm0Yaup2,说明书 上面 说 ， 变速箱 油 温度 过高 。 难不成 油 不行 了 ！ 变速箱 油 买回来 一个多月 了 ， 还 没 去 换 。 这个 礼拜 把 它 换掉 ， 试试看,动力,0
XceENyQ7rlodbHiJ,除非 你 在 维修 间 看 他 全程 开封 给 你 换 ， 要不然 不 知道 给 你 换 的 啥 玩意 ， 太累心 ， 要是 能 买 到 正规 机油 ， 还是 出来 保吧 。 质保 期内 加啥 都 开不坏 ， 但是 长远 看 ， 4 儿子 真是 不行,动力,0
t7mj2pkNgznJ0HfW,看 了 很多 车 ， 还是 选 了 森林 人 ， 个人 认为 这个 价位 里 最 稀饭 的 一辆车 了 ， 被 异响 中 控大屏 黑屏 密封 噪音 困扰 过 ， 但是 开 起来 舒服 ， 不错 的 操控 ， 无敌 的 视线 ， 相对 另类 少数 的 车标 ， 还有 个 原装 进口 的 小 光环 ， 蛮 好,配置/舒适性/操控,1
uKHVFlAwIaLQXyE3,我 也 快 提车 ， 习惯 用 KLD ， 楼主 方便 发 导航 卡 链接 吗 ？ 谢谢,配置,0
dDOqFkwZN72GL9mj,漂亮 ， 喜欢 这种 ， 不显 的 笨 ， 又 很 结实 ， 还 很 有 性能 范儿 ！,操控/动力,1
F4aSijn5QhGvfJVH,我 倒 没 觉得 3ST 有 多 静音 ， 高频 胎噪 很 低 ， 反而 那种 咕噜咕噜 的 低频 声 显得 很 不 舒服 ， 有利有弊 ， 操控性 是 好 了 ， 但 也 不敢 跑 烂 路 了 随便 造 了 。 我 觉得 还是 原 车胎 好,舒适性/操控,0
MwpUkB7HDOjTg8zY,恭喜 提车 ~ ~ 价格 优惠 挺大,价格,1
U6EDNZbxFncYClI2,只要 是 四个 轮子 随时 都 在 转动 ， 不 就是 全时 四驱 ， 而且 扭矩 分配 60 : 40 已经 很强 了 ， 大众 mqb 平台 95 : 5 的 扭矩 都 能算 全时 四驱 ， 斯巴鲁 纵置 引擎 全 对称 四驱强 的 一匹,操控,1
IeKYQdgxXrUOs7nB,不 急 的话 ， 等 新款 森林 人 ， XV 胜 在 新 平台 ， 空间 小 ； 我家 森林 人 是 老婆 选 的 ， 她 觉得 除了 一家 三口 可以 用 ， 也 有 扩展 空间 ， 出去 旅行 后备箱 也 大 ， 宽大 的 空间 对 驾驶 和 乘坐 的 舒适性 还是 有 实质性 的 提高 。,空间/舒适性,0
x91BTQWthXgOqGRc,这 2 款 都 还好 吧 ， 个人感觉 还是 现代 新 ix35 好 一点 。 外观 比较 合 我 眼缘 吧 ， 时尚 大气 ， 而且 整体 的 空间 真的 是 相当 的 可以 的 ， 后排 轻轻松松 坐下 三个 人 没有 一点 问题 。 还有 操控 方面 也 是 比较 轻快 的 。 配置 也 不差 。,外观/配置/空间/操控,1
3PEvA7iJCN8cnhUx,同样 情况 ， 要 抬 发动机 ， 花费 4 千多 。 结果 方向盘 装偏 了 ， 调整 了 十多次 才 调好 。,动力/操控,-1
F0Dj6GdPa35wshK1,我 最近 想 入手 ， 但 珠海 价格 坚挺 ！,价格,-1
5bq6M7uVnX3hLUFm,刚 出现 ， 25000 保养 完 出现 的 ， 高速行驶 的 时候 有 这种 声音,舒适性,0
maIArbikCuKyXPBR,烧 汽油 还好 把 ， 我 2.5 T 平时 市区 大概 12 - 12.6 左右 ， 高速 120 码定速 9.2 左右 。 机油 的话 在 市区 跑 还好 ， 5000 公里 消耗 一升 。 高速 比较 耗 机油 ， 大概 三千 公里 一升 。 不过 这 车皮 实 ， 越开 越 喜欢 ， 搞 的 我 都 没有 换车 的 打算 。 幸亏 当年 没 听 老婆 的 买 那个 移动 火葬场 的 途观 。,动力/油耗,0
XsMqHSkravjTRi9F,前差 加油 口 ， 在 副驾驶 位置 这边 在 排气管 上面 ，   主 驾驶 那边 是 变速箱 加油 口 ，   这 两个 不要 搞错 就 好 了 。,油耗,0
5OqVzA83NW72GKt6,买 s3 主要 是因为 价格 相对 便宜 ， 加速 和 内饰 好点 ， 我留 着 se 的话 s3 可能 会 让给 家人 开 了,动力/内饰/价格,1
gl8bGAsy7ItDJCLW,如果 不 考虑 价格 ， 俺会 首选 虎子,价格,-1
viVYoDFLqmXRzWPn,实在 没有 的话 我 就 用 2.5 T 改色 了 ！ 动力 也 差 不太多 ， 就是 座椅 没法 弄 了,动力/内饰,-1
8KCjZhOH6TVI42X0,一分钱 一分货 ， 你 可以 去 看看 淘宝 日本 原厂 代购 多 出来 的 配件 的 价格 ， 顶配 不 后悔 ， 放心 买 吧 。,价格,1
cgzd1FDTSiwWs2I3,给 你 解决 半个 问题 ， 在 尾箱 锁扣 上 缠 上点 胶布 ， 有点 就行了 ， 解决 尾 箱门 响 ， 前门 响 没 遇见 过,舒适性,0
MVY6h4izC3un5jUm,就是 不 知道 加速 到 2000 后 声音 是不是 跟 这 一样 大 ， 后天 去 提车 ， 心里 没底 啊,动力,-1
HuY0KhziUpVryejn,不 知道 我 被 骗 了 还是 咋 的 ， 这 专修 店 应该 不会 烧 我 的 ， 森林 人 的 汽油 滤芯 是 内置 的 ， 300 多 一个 还 没算 工时费 呢 。 我装 的 都 是 原厂 的 ， 所以 贵 ， 也 有 很 过小厂 的 机滤   空滤   空调 滤   几十元 一个 ， 但是 原厂 都 是 100 - 200 的 ， 其实 空滤 空调 滤 可以 用小厂 ， 但是 机滤 和 汽滤 还是 用 原厂 好些 哈 ， 不然 渗油 就 麻烦 了,舒适性,0
GHoz6lknY0y14qVf,壳牌 很 好 ， 我 现在 就 用 0w20 极净 超凡 ， 噪音 确实 小 ， 而且 油耗 更 低 了,舒适性/油耗,1
CIrGL8KgYs946NFk,价格 一样 肯定 选 森林 人 ， 问题 是 ， 价格 价格 价格,价格,0
2D3NQWmnxYJScBF5,哎 ， 选择 综合症 ， 2.0 的 觉得 配置 不好 ， 2.5 怕 烧 机油 ， 又 想 鹰眼 出来 再 买 。 。 。,配置,0
bTG97v0JRZfu4ad3,最 关心 的 价格 呢 ？ 如果 可以 ， 说 说 哪 买 的 。,价格,0
OlafcKBWRnJbYEiZ,你 拿 非官方 的 配置 表去 打官司 。 。 。 。 。 我 挺 佩服 你,配置,-1
ErI9Mm0JYu6zxitw,官降 前 的 价格 优惠 大概 3 万 ， 越贵 优惠 越 多 ， 就是 楼主 这个 表,价格,0
uPtSQjZ5efCnHly4,我开 人家 的 CRV     XRV 怎么 都 没 听见 这种 声音,舒适性,0
vglNMEq5z6724heS,这个 价格 还 可以 扣 一个 ， 你 看看 还 送 不 送 其他 的 小 礼品 啊 什么 的 。 ， ， ， ，,价格,0
zlYhDgFjEuKkQxyH,空调 随便 你 怎么 吹 ， 屁股 和 内心 都 是 热 的 ， 还凉 不 下来,舒适性,0
ePgIVnTxqEXO8loF,清过 了 ， 高速 6.8 ， 市区 不 塞车 情况 下 8.4,油耗,0
LI3dUNTuRqhEVmSs,你 装 森林 人 专用 的 不 影响 发动机 下沉 ， 2.0 T 的 原装 就是 钢板 好不好 ， 要 有 影响 肯定 不能 上 的,动力,0
M569iZRE8FOlqSXv,4s店 里面 有 配件 ， 汇利堡 多功能 显示器 ， 装在 方向盘 左边 空调 出风口 下面 ， 完美 替换 原车饰 板 ， 那个 东西 不错 ， 可以 考虑 装 一个 ， 价格 我 记得 700 左右包 安装,配置,0
p3EWJgZs9VURXdxB,对 啊 ， 座椅 不好 调 舒服 ， 中控 接受 不了 ， 最终 上 了 傲虎 ， 空间 倒 是 觉得 森 足够 了 ！,空间/配置/内饰,0
JzncRDmy8dM1vVjK,这个 价格 买 这个 车 不划算,价格,-1
T01ntCwOIq8kueHL,我 也 想 知道 斯巴鲁 出 了 新 变速箱 吗 ？,动力,0
UdvMY3Alu01omsfh,6 万 就 换 刹车 碟 ， 感觉 被 忽悠 了 ， 我 经常 爆 踩 爆刹 ， 一对 前 碟 （ DIXCEL 的 ） 也 可以 用到 最少 10 万公里 才 到 极限 。,操控,0
GBfVqpLQP0m38M1r,如果 向 你 说 的 老款 2.0 只 优惠 七千 那么 还是 等 新款 吧 ， 新款 配置 七千 绝对 划的来 ， 我 四月份 买 的 都 优惠 一万五 ～,价格/配置,0
Fz3Y86VtdaXQ2TGy,喜欢 森林 人 的 外观 ， 感觉 线条 比较 流畅 ， 大气,外观,1
tyWcbC5LZe8hMgHA,做个 油 电路 大 保养 ， 用 0W20 机油 ， AA160 机格 。 清洗 进气 和 缸体 积炭 。 最后 做 电脑 学习,动力,0
KrsfHzyxDmBa3uv0,不是 啊 ， 很多 人 都 知道 ， 车子 出厂价 加上 利润 税金 运费 出口 等等 乱七八糟 的 钱 行程 离岸价 ， 到 了 中国 ， 离岸价 加上 运费 进口税 什么 乱七八糟 的 费用 落地 进去 庞大 手中 ， 形成 抵岸价 ， 庞大 加上 运费 利润 相关 费用 ， 车子 到达 4s店 ， 店里 加 利润 费用 员工工资 提成 等 运营 费用 形成 最终 的 价格 是 我们 买车 的 价格 。 从 出厂价 到 4s 价 ， 所有 的 费用 都 是 我们 消费者 摊销 了 ， 你 说 说 要 加多少 钱 。,价格,0
xMIoFRHltcWqdNP6,我试 驾过 老途观 ， 底盘 不是 森林 人 能比 的 了 的 ， 全球 途观 的 销量 都 排 的 比 森林 人高 的 多 的 多 ， 你 觉得 森林 人好 ， 但 大部分 人 还是 觉得 途观 好,操控,-1
I3jhTfVRN6xtFPOy,方向盘 按键 只能 接通 或 挂断 ， 中控 屏上 可以 拨打 ， 不过 查找 联系人 非常 不 方便 。 在 联系人 界面 不能 通过 方向盘 按键 操作 。,配置/操控,0
0CkuYwfs6dQMrVWR,我 最怕   拆 塑料 防水 防尘 膜   因为 那个 塑料膜   拆 下 之后   再也 没有 原来 那么 好看 了,外观,0
0YDRfS4XWuNAIoka,按 说明书 用 OW20 的 合成 油 ， 不必 增加 粘度 ， 因为 你 当地 气温 再 高 也 不会 有 发动机 温度 高 ， 只要 车不烧 机油 就行了,动力,0
UXgH4CEu0bkAIZqV,驾驶 体验 ， 油耗 ， 四驱 能力 ， 价格 ， 品质 ， 空间 ， 配置 ， 眼缘 等 很多 因素 ， 都 是 选车 的 参考 依据 ， 但 每个 人 的 侧重点 不 一样 ， 所以 没有 最好 ， 只有 最 适合,油耗/空间/价格/动力/配置,0
21o7GFWkgfaVs0jd,4 万公里 换 的 ， 按 说明书 来 ， 厂家 编 的 ， 不是 4s 张口 说 的 ， 换 就 换 吧 。   的确 很 清澈 ， 但 这 只是 肉眼 看 的 。 机油 都 知道 要换 ， 是 清洗 作用 ， 这 变速箱 油 都 用 了 4 万公里 了 。,动力,0
Ufv6VpyNaGnShzlJ,2.0 时尚 ， 四川 这 段时间 温度 最低 - 1 ， 基本 上下班 用 ， 现在 均速 18 ， 表显 油耗 9.2,油耗,0
RlhLvdkgCp0fwsEN,森林 人 唯一 不能 满足 的 就是 舒适性,舒适性,-1
bIY9uRGrFlBWh7xs,企业 能 做到 最 良心 的 办法 就是 给 车主 发动机 召回 ， 不过 就算 这样 ， 车主 也 不会 答应 ， 神钢 造假 十年 ， 雷克萨斯 质量 排行榜 依旧 高高挂起 ， 斯巴鲁 的 口碑 车主 自己 懂 都 懂,动力,-1
CUEuft4DkZrSWQA1,主要 是 现在 加油站 的 油品 质量 大多 不好 ， 标号 都 略有 下降 。 尤其 在 高速 上 ， 建议 加 95 # ！,油耗,0
q1s0vZIWwi7TP8mM,机油 加多 了 吧 ？ 正常 的 是 加 4.8 l ， 我纯 市区 8.8 的 油耗,油耗,0
YDwOHJXWgB1Gnq0x,SE   2.5 T 的 是 EJ   ， 不是 FB 发动机 ，,动力,0
qrBxS1PIjGkDfzLu,都 是 喜欢 2.5 大排量 ， 主要 怕 烧 机油 ， 只能 选 2.0 的 了,动力,-1
6GXPYLv0ibIlStm1,发现 傲虎 后排 座椅 的 包裹 性 设计 ， 比 森林 人好 那么 一点点,内饰,-1
1zmvGy0JUxoXPk2Z,森林 人 09 款 2.0 ， 基本上 和 你 一样 ， 今天 到 4S店 检查 不 出来 ， 说 有 可能 空调 温控器 出 问题 。,舒适性,0
Rv8mUPVH3zx52qj7,海蜡 ， 放心 吧 。 找个 机会 洗掉 就行 ， 要 不 时间 长 了 沾 的 土 都 变成 泥 了 呼 在 上面 不好 洗 ， 还 影响 发动机 散热 。,外观,0
25wKBsbhIQaZxLuH,非常感谢 朋友 ， 那 你 现在 保养 用 什么 机油 机滤 呢 ， 还有 空气 滤 空调 滤芯 你 用 原厂 的 吗,舒适性,0
kc8MUGnoBLjflyhQ,挺快 的 啊 ， 虽然 家里 人口 多 ， 平常 上下班 也 都 是 一个 人开 ， 后排 座椅 好像 没 加热 吧 ， 制冷 效果 可以 了,舒适性,1
foerLRzKijbcuJW6,我 去 ， 这 两万多 不 见面 啊 ！ 你 牛 ， 你 先开 出去 拉风 。 要是 我 两万多 ， 还是 先改 中控 和 音响 ， 毕竟 ， 这个 我 天天 看 天天 听 。,舒适性,0
sJnFO8dMcKefVurx,xv ， 新 平台 ， 车子 小 城市 里 钻来 钻 去 安逸 的 很 ， 停车 也 更 方便 ， 当然 更 重视 空间 或者 要 2.5 只能 森林 人 了,空间,0
oCHUfOBmswnh3Z76,我 16 款 2.5 ， 换过 2 次 5w - 30 （ 德国 的 马驰宝 ） ， 都 是 4s 建议 下换 的 ， 感觉 夏季 使用 还 可以 ， 但 冬季 感觉 发动机 声音 变 大 ， 油耗 并 没有 怎么 增加 ， 准备 下次 保养 换回 0 - 20 .,油耗/动力,0
xYl40DeuzEJLivrW,哈哈 ， 我 是 豪华版 ， 没有 獠牙,外观,0
OckwId6YR5XZKHiV,应该 是 后备箱 工具箱 上面 那层 泡 膜 间隙 摩擦 导致 发出 的 声音,舒适性,-1
KOaHlNLX80YZfc4e,什么 路况 ？ 你 指 的 是 导航 软件 ? 这是 安卓 系统 ， 导航 还 不是 随便 装 啊 就算 是 WINCE 系统 装个 导航 软件 也 不是 难事,配置,0
0v5nV1pgA2qJi6EQ,不过 way3 低压 区 比较 靠 下 ， 应该 会 升力 减少 ， 你 装 了 顶部 扰流板 之后 ， 直接 用 way3 贴法 吧 。 论文 名字 搜索 流动 控制 在 汽车 空气 动力学 中 的 应用 。 祝 你 也 能 感受 到 我 1.8 自然 吸气 发动机 在 140 时速 ( 表速 150 ） 时 只 需要 2600 转 的 感觉 ， 而且 我 估计 很快 我会 整成 160 表速 对应 2700 转,动力,0
1jGfoqJObHvxNlhQ,森林 人 这款 CVT 变速箱 采用 的 是 链条 传动 ， 无论 传动 效率 和 动力 响应 ， 抗 打滑 性能 （ 承受 高 扭矩 ） 都 要 明显 优于 钢带 传动 CVT 变速箱 ， 缺点 是 制造 成本 和 噪音 要 高于 钢带 CVT 。 这种 噪音 类似 一种 啸 叫声 ， 在 安静 的 环境 和 低速 行驶 才能 听 得到 ， 嘈杂 的 环境 和 高速行驶 会 被 其它 噪音 所 掩盖 ， 忽略不计 。,操控/舒适性,0
sc7Zg02LVv4nJPxQ,改 了 有 啥 用 ？ 锻造 发动机 ？,动力,0
8fGB1LDzi4RYjAu3,2.0 基本上 这个 优惠价格 是 行情 价 。,价格,0
C3zrtYdsERwmvnfP,行驶 半小时 后 再 原地 怠速 十分钟 看看 基友会 不会 过百 ， 还有 一个 办法 ， 行驶 半小时 后 ， 找 一条 车少 的 小路 ， 反复 轻点 油门 和 刹车 ， 油门 下去 时速 保持 在 15 公里 ， 5 - 10 米 一脚 刹车 ， 反复 这么 操作 模拟 堵车 路段 ， 看看 机油 温度 过 不过 百 ， 路况 好 的 情况 下 ， 气温 10 度 以内 ， 即便 没有 机油 冷 ， 我 连 机油 温度 到 90 都 不 容易 到,安全性,0
qzsjuX59va7hKyBL,今天 在 路边 看见 一台 现款 森林 人 ， 给 我 感觉 就是 显小 ， 单薄 ， 丑陋 ， 外观 没有 丝毫 质感 ！,外观/空间,-1
hElfMXsqVPS2DBbA,尼桑 的 车 舒适性 一等一 没得说 ， 就是 发动机 变速箱 调教 的 难受 ， 冠道 2.0 t 那套 动力 总成 真的 不错 ， 而且 舒适性 兼具 。 不过 加价 确实 让 消费者 心里 不爽 ， 但是 你 要 知道 森林 人 等于 也 是 加价 ， 按 自己 需求 选择 最好 。,舒适性/动力,0
9zw0F65LSClvUXxJ,2.5 的 动力 优于 2.0 一些 ， 油耗 如果 城市 开 可能 差异化 不 大 ， 但 高速 上 或 满载 的 情况 下 ， 2.5 的 优势 就 显现出来 了 ， 油耗 不见得 比 2.0 高 ， 甚至 还 低 ， 大 马拉 小车 和 小马拉 大车 的 道理 大家 都 懂 。   烧 机油 这个 事情 厂家 一直 强调 改善 、 优化 了 ， 消费者 一直 有人 喊 烧 机油 ， 这个 不好 评定 ， 我 2.5 ， 近 9 万公里 ， 三年 多 了 ， 没 烧 。,动力/油耗,0
SXLUPN1R5WlFGHOt,那 声音   真的 是   感觉 音响 开再 大 声音 都 盖 不住 ！ 难受,舒适性,-1
2wXBI9EQl3Lsia1Y,给 楼主 一套 曼牌 的 三滤 吧 ， 机滤 W6019 ， 空气 滤 C2201 ， 空调 滤 CU22004 ， 森林 人能 用 ！,舒适性,0
aDL3IzPOlRG19jkF,RAV42.5 ， 比奇 骏 后排 空间 大 ， 操控 比奇 骏好,空间/操控,1
HxWd46Xrbfe1yKZk,是不是 什么 东西 卡到 皮带 里面 异常 磨损 ？ 装 好 发动机 护板 还是 有用 的,动力,1
QhB9nAuFgH3P6yEr,正品 。 刹车片 软 。 跑 完换 别的 品牌 的 就 不响 了 。,安全性,0
IgSHklnJTwqO9Ri8,开 过 小排量 的 车 的 人 都 知道 ， 开 空调 开车 和 不开 空调 开车 动力 表现 可以 差 非常 远 ！   空调 说白了 就是 发电机 的 电 而已 ， 开 空调 导致 发电机 需要 全力 工作 ， 因而 可以 吃 到 发动机 十几 二十匹 马力 是 很 正常 的 事情 ！   所以 现在 有 很多 车 设计 成深 踩油门 ， 行车 电脑 会 停掉 发电机 保证车辆 的 动力 输出 ！   所以 深 踩 的 时候 后 电压 会 掉下来 ， 因为 发电机 停 了 ， 原因 就 这么 简单 … … 根本 不能 算 问题 … …,动力/舒适性,0
AoukFipdHxZyNlQJ,说 的 很 对 ， 合资 SUV 周围 已经 买 的 很多 了 ， 再 跟风 觉得 这钱花 的 没多大 意思 。 宝马 奔驰 路上 太多太多 ， 视觉 疲劳 了 ， 唯有 小众车 才能 让 人 眼前一亮 ， 当然 要 质量 性能 品牌 都 不错 的 小众 才 行 。,动力,0
8imR4tP1Tfb9hJrO,动力 比 4s店 换 的 还是 强 很多 的,动力,1
wdg1KOSMFa9X02Co,那 机油 能 退后 换油 周期 但是 机滤 估计 难以 撑 到 吧 ？,动力,0
F26kc1sIDA0X9uM4,还是 新 的 好 ， 万一 加 了 后排 出风口 了 呢,空间,0
Zm86sPHqpy2gn5aU,座椅 下面 有个 位置 开关 ， 找 4S 调 一下 就 可以 了,内饰,0
riKpaYhUDuBfE3mt,建议 你 要 买 2.5 的 不如 买傲 虎 ， 要 真 想要 suv2.5 的 价格 别的 牌子 选择 挺 多 的,价格,0
DdTtmunN9s7Xo0eM,我 2.5 都 嫌 肉 .... 你 觉得 2.0 可以 否 ？   如果 能 上 涡轮 那 再好不过 了 ， 实话实说 ， 2.5 的 机头 加速 感真 不如 大众 1.8 t 的 迅猛,动力,0
7FcGN98H1WXK2rQz,10 款 的 很少 烧 机油 吧 ， 跟 你 同款 。 不烧 。,动力,0
oZITrHpdSln9JKqt,18 森林 人 2.0 有无 优惠 （ 大礼包 ） ？ 准备 订车,价格,0
yqghNS3KWxVJPBMm,高 海拔 地区 动力性 有 一些 下降 ， 坡道 或者 弯道 出湾 提前 切 手动 模式 ， 保持 发动机 转速 ！ 这样 动力 相对 足 ！ 本来 山路 多弯 ， 弯道 时常 减速 ， 等 速度 降下来 转速 也 下降 ， 这个 时候 出湾 或者 本来 就 在 爬坡 ， 转速 低 动力 肯定 不足 ！,动力,0
upLn9YarBK3qEmDo,2.5 比 2.0 更 容易 烧 机油 吗,动力,0
GoA3divuIp59hw7S,请教 个 09 款年 的 2.5 的 大概 多少 钱 豪华 导航 版,配置,0
UML73uyNm18hrJ0j,嗯 ， 科雷傲 136 千瓦 是 发动机 功率 ， 净 功率 和 森林 人 一样 ， 也 是 126,动力,0
83rfEAMwJ0T6bkcq,我换 了 电装 的 ， 4S 给 装好 了 ， 声音 不错,舒适性,1
MdQeWYgr3GylNxRq,很 正常 ， 基本 都 烧 机油 ， 你 这个 算烧 得 晚 了 ， 我 是 五万 开始 烧,动力,0
4QbHucA0d5sEzUow,楼主 你好 ， 如果 生活 在 东北 道路 经常 使用 融雪剂 或者 是 海边 城市 空气 中 盐分 较大 的话 ， 可以 选择 喷涂 底盘 装甲 三 m 的 就 不错 ， 其他 城市 没有 必要 ， 望 你 采纳,外观,0
bzhBle8I7YfoQa2L,我 的 是 台湾 ZARDO 中六 刹车 可以 避开 ， 其他 的 不 清楚 了 。,安全性,0
qF5L23RvAXMCWuy8,怎么 不上 BBS   RG - R 呢 ？   看看 还是 BBS   RG - R 好看 。,外观,0
1FhQJqmYgXEIDUjw,点个 赞 ， 斯巴鲁 确实 好车 ， 你 在 路上 闪躲 都 比开 其他 车 信心 足 。 当然 了 ， 豪华 品牌 操控性 好 的 车 也 有 ， 比如 宝马 保时捷 ， 但是 没开 过 ， 没法 做 对比 。,操控,0
BPy90qGem8E4t5sC,楼主 和 我 想 的 一样 ， 担心 斯巴鲁 后期 维修 贵 ， 不过 我 对 crv 没 兴趣 ， 听 一些 人 反映 说 刹车 系统 有 问题 ， 所以 我 关注 了 奇骏 和 rav4 ， 奇骏 好像 不错 ， 性价比 高 ， 维修 配件 也 不贵 。,安全性,0
RnagpV029usCtrAZ,正常 ， 市区 拥堵 最费 刹车,操控,-1
TysXgJrIz1paw3d7,底盘 松散 只要 换 一套 底盘 胶套 就 可以 了 ， 方向盘 抖动 要是 怠速 抖动 就是 积碳 严重 ， 清洗 节气门 和 进气道 还有 三元催化 ， 如果 是 高速 踩 刹车 抖 ， 就 把 刹车盘 光盘 就行了 。,操控/安全性,0
lsMktgZyBDUfbowu,安全 大于 一切 ， 出远门 前 一定 要 检查 车子 ， 主要 有 全车 油水 ， 轮胎 ， 刹车 系统 等 。,安全性,1
TU16OjFQZAl54haK,急 踩 刹车 发动机 的 供油 会 迅速 减少 至 最低水平 ， 也 就 维持 不 熄火 吧 ， 在 这个 过程 ， 发动机 转速 会 快速 下降 ， 通过 变速器 “ 拖累 ” 车子 的 行动 ， 这个 作用力 是 很大 的 ， 如果 挂 空挡 刹车 ， 只靠 刹车盘 片 的 作用 ， 是 不 可靠 、 不 安全 的 。,动力/安全性,0
mIrEVO5XYPABiRlJ,手动挡 路过   只 踩 刹车 影响 转向   前 轮轴 荷太大 推头 得 厉害   补油 降档 四个 轮子 制 动力 一致   那种 敏捷 感 你们 开 cvt 永远 不会 明白,安全性,0
jF6Ky1wL5vecSMdX,关键 是 国产 后 ， 很多 配件 都 换 国产 件 了 ， 各种 外 包 生产 ， 成本 肯定 低 不少 ， 有些 合资 车 的 国产化率 都 达 百分之 到 九十多 了 。 那么 至少 售价 应该 与 海外版 靠拢 ， 海外 18 万 么 ， 你 合资 弄个 20 万买 到 同样 配置 ， 可能 心里 都 不见得 舒服 ， 毕竟 国内 材料 供应商 这方面 真的 是 不好 说 ， 比如 隔音棉 、 底盘 部件 之类 的 。 但 实际上 价格 差 这么 大 ， 里面 到底 是 咋 回事 不好 说 ， 希望 这回 别管 自主 合资 进口 了 ， 车企 都 让 让利 最好 了,价格,0
ZSFE9z4DC3UIRsVd,兄弟 是 自带 机油 四 儿子 还是 外面 店 ？   新日石 的 SUSITINA 么 ？,动力,0
Eo8TIwmxj2nXUg30,我 的 14 款 毛病 不少 ， 发动机 漏 机油 已经 索赔 了 。,动力,-1
xQ1h7qnagbjWiB4o,你 这样 操作 ， 油耗 很 经济 ， 确实 很 值得 借鉴 !,油耗,1
RgrwUdV6cuML5Kfk,仔细 看 了 楼主 的 图片 ， 请问 下 ， 好帮手 导航 机 是不是 在 原来 的 线束 基础 上加 了 一个 转接头 ？ 如果 换回 原装机 头 ， 是不是 可以 无损 地 改回去 ？ 谢谢 ！,配置,-1
nGf7ZusCcVlOW6QE,lz 说 的 视乎 是 舒适性 。,舒适性,0
4OzuYK6dphFINH1U,后备箱 太小 ， 底盘 不够 高 ， 没有 xm 功能 ( 我 当时 没有 ),空间/操控,-1
1bvzrL3CJ5IfAyGq,维修 小贵 ， 保养 一般 得 看 你 舍得 用 啥 油 ， 油耗 长途 7 、 8 个 ， 纯 市区 看 你 激情 不 ， 一般 12 左右,油耗,0
2n6lwIEWhDSJzrPf,变速箱 油用 循环 机换 的话   什么 品牌 都 可以 ， 用非 原厂 变速箱 油 更换 的话 用量 一定 要 多 ， 最低 13L 吧 ， 换得 彻底 ， 以免 两种 油液 混合 提前 变质 。,动力,0
fiIdGVE3JWpZ9KFN,我 最近 用自 拍杆 在 底盘 下 是 拍 过 一些 局部 照片 的 ， 其中 我 拍 到 了 一张 有 渗油 嫌疑 的 图片 ， 等 过段时间 有 时间 去 四 儿子 的 时候 升 起来 检查一下,操控,-1
4hJzowdYv5SmaZGn,需要 什么 ？ 轮毂 刹车 ， 联系 我,安全性,0
4K3prqaLn1t7E89S,逐渐 坚定 我换 导航 的 决心 了,配置,0
0h3NWaoRZMzXH6G8,所以 说 ， 官方 没 公布 前 什么 都 有 可能 是 不 真的 。 再说 了 ， 谁 说 降个 三四万 的 ， 你试 着 去 他 旗下 的 店面 去 买 ， 看 是不是 真的 给 这个 价格 。 真是 打脸,价格,0
TdVyeUEf0xbBmjko,这个 是不是 通病 ， 我 的 车 貌似 也 有 这个 声音 ， 一开 空调 就 比较 明显,舒适性,0
lysbB7uX5ihd2CRf,您 说 的 是 空调 不 制冷 吗 ？ 电磁阀 干嘛 的 ？ 能 不能 说 得 详细 些 ？,舒适性,0
rf7LptKzV3PScZNb,应该 不是 海蜡 ， 提车 时 洗 了 ， 第二次 保养 自费 又 洗 了 一次 发动机 外面 。,动力,0
WKv3X2AwhniOo9ze,说 是 29 号 到 的 车 ， 价格 28 万多 ， 一分 优惠 也 没有 。 导航 和 16 款 一模一样 。,价格,0
BbwN5qdaKY3ijIxl,我 原本 放弃 森林 人 是因为 没有 后排 出风口 ， 而 现在 新款 森林 人有 后排 出风口 了 ， 等 新森 了 。,配置,0
LI350F84SUDvKdnl,白桶 比 石墨 烯好 ， 但是 ， 白桶 不算 好 机油 ， 机油 衰减 明显 ， 油温 上升 快 ， 后 伴随 一定 的 机油 消耗 。 0W20 的 机油 ， 还是 美孚 的 好 ， 安索 消耗 更大,动力,0
gUjhJwbmIsC40ytK,0w20 如果 你 拿 机油 试纸 测试 2000 - 4000 还好 。 过 4000 已经 到 了 衰减 期,动力,0
E5O9FG1vZT7iRBbI,新车 有 一点 糊味 ， 我 当时 也 是 ； 新车 经常 开窗 ； 如 天气 热 ， 开 空调 就 外 循环 ， 几天 味道 就 散 了 ， 比 其他 车要 好 太 多 了 。,舒适性,-1
FkgE8wLJ2XCS3p0B,主要 是 你 喜欢 哪个 前脸 ， 其他 的 都 可以 加装 。,外观,0
uyqxzh8WABj4k1JP,哥们 ， 你 换 完防 倾杆 舒适性 下降 的 多 吗 ？ 钢喉 对 刹车 效果 提升 大 不 ？,舒适性,0
pCaZyr1O07B4wPnj,哪年 的 车 ？ 12 之前 的 吗 ？ 老款 4at 好像 油耗 很 高 ！,油耗,-1
UDxSApokezqg9tbv,那些 说 森林 人 性价比 低 的 不 知道 是 什么 心态 ， 途观 l 四驱 最低 也 28 万起 了 ， 尺寸 也 差不多 ， 虽然 轴距 比森大 ， 但是 空间 表现 几乎 一样,空间,0
gM2olm6YPn71b0FT,这个 油 一般般 ， 刚换 了 这种 ， 跑 了 7 百公里 左右 ， 噪音 大 ，   提速 肉 ， 还 不如 之前 一直 用 的 白桶 出光,舒适性/动力,-1
5NiRp03BCso1fwLW,另外 就是 噪音 ， 楼兰 的 声音 也 不会 比森小 ， 我 个人感觉 我森 还要 安静 点 ， 因为 他 的 楼兰 买 了 快 三年 了 。 反正 车内 听 发动机 声音 不会 小 ， 包括 我 发现 福特 探险者 的 车内 发动机 声音 也 不小 。 你 买 楼兰 不如 买汉兰达 ， 锐界 。 森车 小 一点 ， 更 灵活 ， 不过 车 内 空间 不小 。,空间/动力/舒适性,-1
jofqk0tnmH675SF1,前天 刚 拆 了 ， 发现 储物 空间 大 了 很多,空间,1
FCqg28GfnBYal614,刹车灯 接触 开关 、 刹 拉丝 没回位 问题,安全性,0
nbwCEuTWa5L2Qef3,但是 看 配置 表 ， 豪华 和 时尚 的 变速箱 不 一样 ， 豪华 是 CVT ， 时尚 模拟 六档 ， 到底 什么 区别 啊 ？ 不 懂,配置/动力,0
QPRJptciqK69ovMg,这 玩意 质量 超级 好 ， 随便 开 。 油耗 肯定 大 些 ， 噪音 也 大些 ， 舒适性 也 差些 ， 最 讨厌 是 喜欢 夹 小石子 ， 不过 开 的 爽 也 就 值 了 。,油耗/舒适性,-1
qbCKrtnQj78ziVfO,作为 曾经 的 斯柯达 车主 表示 ， 这辈子 再也不会 买 斯柯达 的 车 了 。 简配 太 厉害 ， 而且 全是 你 看不见 的 地方 。 万年 不变 用 的 全是 大众 的 技术 ， 自己 没点 特色 ， 还 一个劲 鼓吹 自己 比 大众 性价比 高 。 理工 男 的 我 不 喜欢 这样 的 车企 。 要 便宜 我 直接 去 买 国产车 ， 要 主流 我 直接 选 大众 丰田 ， 要 个性 我选 技术 派 的 马自达 斯巴鲁 ， 要 内饰 我 选法 系车 ， 实在 想 不 出来 斯柯达 有 什么 能 让 人 提起 兴趣 的 。,配置,-1
IjoZ6Pn4pOhUGgSK,哥们儿 的 12 款 森林 人 2.5 车 9.7 万公里 了 ， 走南闯北 ， 青藏 进川 臧出 ， 什么 毛病 都 没 ， 上个星期 才 换 的 刹车片 ， 除了 雨 刮 ， 我 就 在 七 万公里 换 了 一次 轮胎 。,安全性,0
uTBnUk6vtmrxdeRb,把 冷却系统 处理 了 可以 大大 改善 烧 机油 问题,动力,0
N8ow9ATdvOlQe314,2.5 的 吧 ， 前 几月 有次 走 盘山公路 很 轻松 就 上去 ， 时速 40 左右 ， 发动机 转速 1500 以下 ， 油耗 8 左右,油耗/动力,0
AvnzbjIZHdKMsNxu,不 考虑 价格 当然 选 窝窝 ， 但是 ， 不 考虑 品牌 我 只 选 森林 人 。,价格,0
DMsxNX4p8VvrqThO,都 有 烧 机油 的 可能 ， 途观 大些 ， 建议 森 ， 如果 都 是 新车 建议 土罐,动力,0
XF1wbJmfdycoQ7Oi,森林 人 的 操控性 非常 好 ！,操控,1
ieoj6SuX8I5n0DBR,快 6 万 了 ？ 再加 10 万到 16 万 再 换 也 不 迟 ， 半点 问题 木有 。 刹车盘 另当别论 ， 刹车 不 抖动 也 不用 换 。,安全性,1
BLGyYtvrdIhW47N2,够 脏 的 。 。 。 发动机舱 。 。   搽 干净 ， 之后 再 看看 有没有 油渗 。   应该 不会 这个 位置 有油 的 ， 严重 怀疑 是 海蜡 。,动力,0
hbc8Rlp1ydkDBisq,2.5 豪华 导航 版   白色   指导价 26.98 万 ， 裸车 优惠 多少 楼主,配置,0
QmK8B0InbcLSApFt,如果 单纯 挑 1.6 自吸 AT 的 直线 加速 是 可以 的 ， 80 以内 ， 6AT 不如 4AT 干脆 。 说 要 比比 弯道 操控 ？ 研发 这 两款 车 的 细节 都 根本 不 在 一个 档次 啦 。,操控/动力/内饰,0
iMbrla0k9hv2FZUB,除了 烧 机油 、 有些 异响 ， 其他 没 毛病 。 首保后 就 直接 上 修理厂 保养 ， 配件 自己 在 网上 买 的 ， 也 挺 便宜 。 别的 也 没 啥 就 一 家用车 。 对 了 综合 油耗 9 升 每 百公里 ， 挺省 。,油耗,1
7nKloYqVcIyAQsvC,溜车 省油 ？ ！ 哈哈 老 司机,油耗,0
LFE4vXWNuscpPM0z,你 相片 上 那个 顺 时 油耗 我 还 能 跟 你 跑 出 3 点 几升来 信不信,油耗,0
GdJB5H6XqK9sboEP,楼上 都 复制粘贴 啊 ， 我 觉得 自己 看看 外观 漆面 就行了 ， 其他 不得 有 问题 。,外观,0
IbheRGV6HuNCLStT,这俩 车 取向 完全 不 一样 。 买 森林 人 的 基本 不怎么 会 买 奇骏 的 吧 ， 反之亦然 。 我 觉得 奇骏 作为 家用车 真的 挺不错 的 ， 空间 大 ， 舒服 ， 动力 不差 ， 四驱 在 城市 SUV 中算 好 的 ， 真的 是 很 适宜 的 一部 车 。,空间/舒适性/动力,1
jyXi3W5NK4nHfA1a,1 . 变速箱 挂挡 的 时候 ， 咔铛 咔铛 的 金属 撞击声 ；   2 . 跑 了 一点 距离 停车 后 ， 底盘 有 叮叮 叮 的 声音 ， 4S店 人 说 是 隔热板 热胀冷缩 的 声音 ， 但 那么 有 节奏 的 声音 ， 我 很 怀疑 。   3 . 前轮 刹车 异响 ， 那 声音 就 跟 指甲 在 黑板 上 摩擦 的 声音 一样 ， 4S店 人 说 要 磨 刹车盘 ，   磨个 刹车盘 800 ， 我换 套 打孔   划线 的 刹车盘 都 不要 这么 贵 的 。   4 . 内饰 太挫 、 配置 太低 、 价格 相对 较 高 。   其他 的 问题 好像 还 没 遇到 过 。,价格,0
YfZ4QdTc9EHXqwAI,我 暂时 没有 耶 ， 不过 我 姐夫 的 bba 也 有 说不清 的 响声,舒适性,-1
1gtoG9craDuyQiAO,买 斯巴鲁 就是 考虑 到 安全性 ， 美国 最近 碰撞 测试 又 是 排 前面 的 ， 防撞 钢梁 两级 ， 一个 薄 ， 一个 厚重 ， 看 拆车 视频 吧,安全性,1
Aua9CTvbctesY6EZ,是否 有 保留 2.0 L 发动机 ？,动力,0
rbEFWylK0fO8soi7,一套 的 价格 ， 你 是 只要 箱子 吗,价格,0
dj3V0FPiuRlKfyOS,跑 出 7 - 8 的 是 FB 发动机 吧 ， EJ 匹配 4AT 还是 很费 的 看来 ， 我 现在 冬季 市内 不算 堵 也 15,动力,0
VJ0qUPfp3mybKs9X,同 是 五座 ， 但 空间 更大 也 算小换 大 了 ， 我 更 懒 ， 提车 也 没 写 作业   。,空间,1
4wtI3apOidy9D1Vr,还有 刹车 技术 ， 抖动 技术,安全性,0
V0lp6w5yG8Muh7Lf,自动 启停 就是 鸡肋 ， 这个 车 就 不该 有 这个 配置 ， 别的 车 都 是 自动 启停 启动 以后 刹车 辅助 也 跟着 启动 ， 自动 回到 N 档 ， 起步 时候 一 踩油门 发动机 启动 ， 刹车 自动 解除,配置,-1
MQf2bEkslR0gwjnc,换 金麒麟 陶瓷 刹车片 ， 掉 粉 很少,安全性,0
unIdjriWSQ7z92aT,烧 机油 问题 ， 还是 没有 彻底解决 。,动力,0
PGITCtLdUheAX7cF,森林 人 就是 内饰 太差 和 做工 太糙 ， 其他 不错,内饰,-1
9EoqHynP81YKT6Cf,烧 机油 大 概率 事件 ， 我 原来 5 万公里 之前 也 不怎么 烧 ， 过 了 之后 开始 烧 了,动力,0
Y0AXxIDSzf5mk7QP,新款 只有 2.5 i ， 2.0 T 不会 再生产 了 。,动力,0
afL4hu8U3voO7el9,森林 人 这 破车 雪地 模式 都 没有 ， 肯定 四驱 欧蓝德 好,配置,1
RLW65CjMkA1qNy2o,建议 你 喜欢 那个 你 去 试驾 一下 看看 动力 怎么样 ， 我选 的话 我 就 选 森林 人 ， 你 去 试驾 一下 吧,动力,0
4NHfpluGdegXhwnK,我 有   我 有 ！ ！ 尤其 堵车 的 时候 ， ， 。 。 。 。 ， 。 所以 我 把 方向盘 拉到 最 外面   调 到 最高   座椅 靠 后,操控/内饰,0
k7Gpfs4o02DwxrBe,油耗 肯定 是 2.5 的 高   不过 也 就是 略 高,油耗,-1
yt3M5X7IpZahAHU6,完全 赞同 。 进口 的 品质 还是 要 好些 ， 家里 有 孩子 ， 我 也 喜欢 内饰 的 味道 尽量 小 。 合资 品牌 20 多万 级别 的 车 ， 味道 也 真 不小 ， 臭名昭著 的 长安 福特 就 不 提 了 ， 就 连广本 奥德赛 的 内饰 味道 也 令 我 作呕,操控/内饰,0
wFeM5aRNt72TYldv,其实 可以 让 4S 调制 油漆 的 ， 只要 拿到 车漆 代码 就行 ， 我查 一下 拉力 蓝 的 代码 O2C ， K7X 那个 颜色 是 用 在 WRXSTI 上 的,外观,0
IEF7UJdjtsGSwoWD,xv 空间 小 ， 后排 中间 地台 高 。,空间,0
etuSDUcn5iMPopgj,没有 一点 问题 ， 我们 12 年 4 森 4 虎 走 的 川藏线 ， 动力 没 问题 ， 全程 车 也 没 问题 ， 只是 轮胎 扎 了 三条 ， 爆 了 一条 。 现在 的 川藏线 好 跑 多 了 ， 更 应该 没有 问题 了 。,动力,1
k8mrYxVPiupbWo0y,用 了 多久 了 ， 多少 出私个 价,价格,0
mFaJMYG2STofePzx,跟 什么 机油 没有 关系 ， 我 一直 就是 4S店 保养 ， 用 的 0w20 ， 38000KM 就 开始 烧 了 ， 呵呵 ， fb2.5 发动机 问题 ， 别 纠结 ， 换中 缸 或者 上 环 试试 吧 。,动力,0
Xk4YziU9xv7FyBME,我 的 车 ， 11 万 ， 从 五一 到 现在 八千多 公里 平均 油耗 11.4 ， 动力 那 是 随 踩 随有 ， 我 感觉 满意 ， 2.0 的,油耗/动力,0
sfkmVEe1CbGq0Tja,变速箱 油 原厂 的 ， 差速器 油 建议 长城 的 75w90GL5,动力,0
L7aJqEKYdXNhvC4B,我 12 款 跑 120 迈 以上 后备箱 就会响 。 这个 是 哪响 的 ？ 是 正品 森林 人 吗,空间,0
EKpB1nMZIhti6QTH,只要 肯 踩 一下 油门 ， 速度 会 上来 的 。 2.0 足够 了,动力,1
qJ8kMLpIy9AOan0D,这个 也 就是 在 车门 四周 加 一层 密封条 就行了   也 不是 特别 麻烦   自己 买 一套 或者 去 汽配城 都 可以 加装 的,外观,0
UD5hiXVR2y4IA8QP,我 感觉 关税 降 斯巴鲁 车价 能 降 ， 尽管 庞大 黑 但 现实 的 销售 越来越 差 ， 它 再 不 卖点 货 估计 保养 那 黑心钱 都 赚 不了 了 。 看看 这个 论坛 ， 再 看看 新款 发布 根本 没 几个 人 关注 ， 再 不 优惠 拉点 销量 估计 庞大 也 承受 不了 。   现在 一年 三万 销量 都 不到 了 ， 再 萎缩 下去 这 品牌 真 要 退出 中国 了 。 庞大 的 绑架 真是 无奈 ， 别的 经销商 根本 没 接手 的 ， 建店 也 是 赔钱 没人敢 弄 ， 所以 庞大 一手遮天 了 这么 多年 ， 这么 个 销量 它 也 快 承受不住 了 。,价格,0
nXJ5SBdINpc6yzjr,不 正常 。 开启 车身 稳定 系统 ， 开启 md,操控,0
O7LVqYiPoSRtgI2M,CVT 变速箱 ， 烧 机油 的 发动机 ， 难 等 的 配件 ， 除了 大城市 以外 几乎 看不见 的 4s店 ， 锁死 消费者 的 4s店 ， 丑陋 的 外观 ， 再 加上 高 溢价 的 起 售价 ， 新 森林 人未出 就 已经 先死 了 ！ 继续 小 众 直至 消失 ！,动力/外观/价格,0
9gzjxmikeU5SQosb,刹车 ， 轮毂 很漂亮 ， 改后 刹车 感觉 怎样 ？,安全性,0
QKt29q670dMXCHTv,新车 是 可以 跑 高速 、 长途 的 ， 但是 需要 您 注意 : 1 、 请 您 将 车速 尽量 限制 在 80 ~ 120KM 之间 行驶 。 2 、 发动机 转速 控制 在 2000 - 3000rpm 。 3 、 在 前 500 公里 内 尽量减少 负载 。 4 、 请 尽量避免 猛 踩油门 或 猛 踩 刹车 的 情况 。 5 、 每 行驶 两 小时 ， 服务区 停车 休息 15 分钟 。,动力,0
EcRfkqr4DTbHQ7UO,是不是 全时 四驱 上 马力 机 测试 一下 就 知道 了,操控,0
lAwVkF7O4Gd9nQZs,谢谢   听说 森林 人烧 机油   你 的 车 出现 过 吗,动力,0
s87wpxoCDcLXkET0,我 做 完 免费 的 首保 就 不 去 了 ！ 4S 用 的 机油 差 又 贵 的 … ； 后来 后 减震 漏油 他们 照样 也 给 索赔 了 ， 当然 你 要 能 镇 的 信 他们 才行 ， 要 抓住 他们 的 心态 ： 索赔 时 4S 从 厂家 那里 赚 的 更 多 ！,动力,0
3m0KwlPv5Tp6nI2D,果断 q50 别的 不说 ， 二手 贬值 森掉 的 太快 了 ， 一来 是 小众车 ， 二来 现在 这个 价格 水分 太 大 ， 下浮 个 5 万才 是 森该 有 的 价格 ！,价格,0
qDXOY8wpgoUCx6LG,北京 车友 修车 方便 啊   ， 好多 厉害 师傅 专修 。 我 这 小 地方 只能 去 4S 。 期待 你 明天 的 价格,价格,0
oyz0XcNHAh9FqnJL,我用 的 就是 金 美孚 0W - 40 的 ， 一壶 刚好 5L 全 倒进去 了 ？ 新疆 主要 夏天 温度 还是 有点 高 的 ！ 盘山路 啥 的 空调 开着 经常 100 多度 ， 好像 也 没 看 出来 机油 有 损耗 ！,舒适性,0
RM7roxV2LszSTafF,别开 到 最低温度 就 不会 触发 空调,舒适性,0
u3VOS1XFg4fkm9xr,已定 车 了   额   车 这 东西 我 自己 想法 不太 一样   是 拿来 用 的   没什么 新不新   旧不旧 。 要不是 因为 家里人 阻拦   本想 买 二手 老款   更 喜欢 那 外观 .   至于 什么 平台   感觉 这 车 配置 上 这个 价格 已快 极限 了   再 提高 估计 加价 .   那么 我 估计 也 不会 买 .   所谓 的 大 换代   算了 .   看看 老款 换 之后 的   至少 外观 差老款 .   现在 很多 人 还 想着 买 老款 2 手 呢   所以 我 不是 什么 很 懂车 的   对 这些 不太 强求 ， 也 就 不 纠结 这些 了 .,外观/价格,0
nNK5f1olvExeCZWB,当然 森林 人 啦 ， 和 保时捷 一样 的 水平 对置 发动机 ， 加上 全时 四驱 ， 不要 说 马自达 ， 连 bba 都 不 放在眼里 啦,操控/动力,1
93cToRmrZABjxCEb,FB 发动机 都 是 链条 ， 用 了 五六年 了 。,动力,0
nVj34LC1kqXO8ABx,就 动力 不 一样 ， 其他 机械 配置 都 一样 ， 脱困 能力 估计 差别 微乎其微 ， 不过 还是 建议 上 2.5,配置/动力,0
PTZNSCJM1zhiFc0W,没有 任何 问题 啊 ， 油耗 也 没 增加 ， 一切正常 。 现在 在 八千 公里 左右 换 机油 。,油耗,0
rtxkgzH5ShlvQuW1,我刚 买 的 豪华 ， 比 时尚 便宜 ， 该 有 的 配置 都 有 。 那些 外观 套件 神马 的 都 是 给 别人 看 的 。,外观/配置/价格,1
8Nyks2TXEn7PBfAq,我 的 快 8 万公里 了 ， 单次 长途 最长 4200 公里 ， 没有 出现 过烧 机油 现象 。,动力,0
g2fPzaOLBAwtyxku,１ ８ 的 我会 用 ２ ２ ５ / 60 的 胎 ， 就是 傲虎 那个 规格 。,操控,0
mInv3oYjhadEbez2,最好 去 4S店 看看 。   森林 人 的 空调 我 一直 觉得 相当 给力 ， 明明 没有 后排 出风口 ， 但是 后排 却 比 前排 凉 。,舒适性,1
XZJTjauxMVEFRYni,不会 呀 ， 最近 一直 关注 斯巴鲁 车型 呢 ， 森林 人 官方 价格 都 降 了 1.7 万 ， 他们 现在 店里 还有 优惠活动 呢,价格,0
YbeV5ISBwN8tsMAg,车 突然 从 后边 出来 ， eyesight 没 第一 时间 识别 ， 没有 减速 ， 我 自己 脚 踩得 刹车 ， 差点 撞 上 没 出事 。,安全性,-1
6ojRB0PAa2LlqK83,前脸 参照 新 的 XV ， 内饰 也 参照 ， 尺寸 应该   50mm 不是 事儿 ， 途观 都 已经 拉 到 中级 SUV 了 。 。 。,内饰/外观,0
fYkWhoHu0eti9zQB,觉得 前脸 更好 看 ， 多些 功能 ，,外观,1
RcQl1rtJFeyXSZA5,看不到 转速表 ， 能 听到 发动机 的 怒吼   ， 估计 是 挡 杆 拨 到 了 手动 模式 了 。 确认 在 D 档 然后 再 试试,动力,0
9Sze7mKlq1kIMJW3,后排 舒服 啊 ， 各种 姿势 都 舒服 。,空间,1
R8gcC6vw0oQGSjf5,更换 高级 空滤 有效 ， 前提 是 普通 滤芯 阻力 大到 影响 发动机 出力 的 程度 ， 如果 这个 阻力 是 微不足道 的 ， 即便 摘 了 空滤 也 是 一样 。,动力/配置,0
hiRBxzXvFfKI2y85,用过 两款 减震 机了 ， CUSCO 、 RSR ， 目前 觉得 还是 原厂 最 舒适 。,舒适性,0
QxVw7tslmU0uPie4,价格 还是 相差 好几万 吧 ！,价格,0
FTYU6ELpN3BoJx5j,在 江苏 ， 优惠 17200 送 前后 保险杠 和 踏板,价格,0
h1sfgNR7YV0oEQdu,发动机 左侧 是不是 漏油 ， 三灯 是不是 亮 ， 速度 上去 是不是 有 飞机 轰鸣声 。 三大 毛病,动力,0
qmw8srnPhlZvX4M2,蔚蓝 的 做工 还是 不错 的   ！   不过 要 上 畅行 ， 配置 才 算 丰富     畅行 的 价格   可以 上傲 虎 了 ！   畅行 有 acc     傲虎 有 es   各有千秋     确实 纠结 ！   哈哈,内饰/配置/价格,-1
im1bzZCV9E356ulB,P 车是 啥 ？ 不过 当下 ， 想要 兼具 操控 和 安全 的 车 ， 大概 就 斯巴鲁 了 。,操控,0
gKbdiy8eckMRaC9D,S 档 巡航 最低 转速 提升 到 1500 转 待命 ， 踩油门 的 时候 降档 勤快 些 ， 转速 要 高 一些 ， 动力 比 I 模式 要 好些 。 不过 用 M 档 ， 拨片 换挡 ， 转速 自己 控制 ， 可以 让 发动机 保持 2000 转 待命 ， 这时 踩油门 比 S 档 感觉 还 好些 ， 毕竟 人 的 预判 还是 要 强于 电脑 ， 加速 前 可以 自己 拨片 降档 维持 转速 ， 这时 踩油门 马上 就 有劲,动力,0
PVZp591R8uaB7yTg,正常 5000 公里 保养 机油 消耗 从 上线 到 中线 。 没 问题 。 你 非要 让 森 按 美国 车 那样 跑 10000 加 的 公里 。 那 就 得加 机油 或者 换 粘度 高 的 机油 。 0w20 你 让 别的 品牌 加进去 跑 5000 公里 烧 的 更 厉害 。,动力,0
we6KvC0NakmhYqTl,2.5   的   RAV4 ， CX - 5 ， 动力 更好 。,动力,1
YPOQ8y5v4wTRFscp,前段 软     保持 车距   提前 刹车 就是 了     后 段 还是 很 有力 的,安全性,0
cJOoMHRlLSIkUrAB,学习 了 ， 我 的 马上 2 万公里 ， 看来 机油 不用 5000 就 换 ..,动力,0
dAXEI56tx4wNBf0Z,别的 不说 ， 这个 价位 能 跟 森林 人比 操控 性能 的 SUV 基本 没有 ！,操控,0
LjoK7ruUiRPZW5gh,新车 的 前 脸 咋 整成 这 副 挫样 ？,外观,-1
HytrRZCSNVaxPo91,13 款 10 月 的 2.5 ， 除了 半轴 异响 还 没有 发现 之外 ， 其他 的 和 你 一样 ， 烧 机油 是 8 万 开始 的 ， 3000 公里 1 升 ， 爆震 1 万公里 就 开始 了 ， 震到 现在 ， 各种 能试 的 方法 都 试 了 ， 现在 已经 放弃 了 ， 4S店 要 给 免费 换中 缸 ， 还 没想 好 换 不换 ， 就 怕 换 了 有 别的 问题 ， 不然 就 等 发动机 报废 了 换车 了 ， 座椅 不是 真皮 的 ， 是革 的 ， 也 裂 了 ， 都 一样 。,动力/舒适性/内饰,0
xIY07Wn8X5rfGSZj,推荐 趴 趴狗 ！ 但是 价格 略贵,价格,0
bgY50P4M17xckomN,傲虎 2.0 t 也 可 考虑 ， 兼顾 了 动力 和 舒适度 ， 只 可惜 没有 es 系统,动力,0
Blr8Lg4K2Wqk3dCV,刹车 顶 买 国产 的 就 可以 了 。,安全性,0
U9QsZpmtgBkzexyG,1.4 的 进口 途观 ， 用 的 EA211 发动机 ， 跟 国产 Polo 一样 ， 或许 调教 不同 ， 个人感觉 不 值得 买 ， 高配 的 价格 又 贵 ， 性价比 不高 ， 所以 还是 推荐 森林 人 。,价格/动力,0
3LvZSownxcFesB0T,你 简直 太 会 偷换概念 了 ， 对 ， 对轮速 的 合理 介入 就是 为了 合理 控制 滑 转率 ， 但 为什么 会空 滑 ？ 没有 动力 分配 到 轮 上 ， 轮子 为什么 会 空转 ？,动力,0
c7Q6fxEtuyGXdHo5,我 也 一样 ， 坏处 就是 油耗 高 了 一点,油耗,-1
9o3dXrbDmNAjtQCK,没 优惠 ， 落地 27 个 。 动力 起步 时 没有 2.5 的 冲 ， 油门 比 2.5 的 重 ， 行车 时 感觉 有点 发皱 发涩 的 感觉 ， 收 油门 滑行 ， 发动机 的 制动 明显 ， 降速 很快 ， 不用 踩 刹车 。,价格/动力,0
cXQq5zYrAWVGIO3d,楼主 发 的 这个 图是 现在 号称 2015 款后 不烧 机油 的 发动机 标配 ， 机 油水 冷器 ， 用处 不 大 。 以前 的 老款 发动机 上 没有 水循环 孔 ， 所以 不能 用 。,动力,0
q8Do73Ate0hTg9ia,肯定 比 不了 ， 那 两个 是 在线 的 ， 很多 实时 信息 比 车载 的 强 很多 。 但是 百度 的 导航 逻辑 不行 ， 还是 高德 、 凯 立德 这种 专业 的 强 。,配置,1
N3h2FjOQyZuMlImX,哪年 的 ？ 第一次 听说 森林 人 座椅 下面 有 低音炮 。 。 。,内饰,0
awDxhiI4tLGqZQUu,舒适性 这 俩 应该 差不离 吧 ， 不过 森 的 驾驶 感受 你 懂得 ， 数一数二 的,舒适性,0
leESPH3X5gKJ9jaZ,“ 都 是 买 的 超过 8 年 车龄 的 车 ” ， 这么 算 ， 这代 FB 发动机 还 没 领教 吧 ？,动力,0
sqrS8eiwZFn4VaWg,刹车 软是 为 冰雪 路 设计 的 ， 夏天 一热 ， 车 到处 都 响 ， 这 车 真的 是 给 冬天 设计 的 ， 冬天 很 安静,安全性,0
4O0rsEeg9QWAuvCp,我 的 2.5 说明书 是 10.5 万公里 换 一次 。 现在 9.9 万公里 了 ， 油耗 、 动力 均 与 之前 无 变化 。,油耗/动力,0
yrvYi2cFBMVsNmLS,全时 四驱 的 当然 需要 4 个 都 绑 上 了 ， 两驱 的话 只帮 两个 就 可以 ， 当然 最好 都 绑 ， 记得 关了 ESp,操控,0
rPegCmf7IVEbA8wz,要面子 与 科技 感选   林肯 MKC ， 要 舒适 实用 选 森林 人 。 MKC 后排 座 3 人时 太 不 舒服 了 。,舒适性,1
Lb56DRUQ2ltM3ysZ,同 一批 车型 ， 同等 配置 。 同样 的 问题 困扰,配置,0
JbnkuwOl7SYyGd0z,这个 变速箱 有 哪里 买 的 ， 是 斯巴鲁 原车 哦 。 链条 CVT 专用 哈,动力,0
q4ykhSg8tA3HcUWD,按照 最 简单 的 方法 ， 买 了 一卷 电 胶布 ， 把 后备箱 门锁 处缠 了 四圈 ， 马上 就 不响 了 。 在 这里 谢谢 车友们 了 ！,空间,0
U3k51Miyj6BODltY,空调 是 很 冷 ， 但是 大 夏天 ， 感觉 头顶 和 前面 还是 有点 热 ； 感觉 颈部 以下 冷 ， 上面 热 ， 不知 大家 的 如何 ？,舒适性,0
RY2aCNIzu9dBocT6,昨天 刚 去 保养 ， 用 的 是 白桶 出光 机油 ， 换 机油 格 ， 加 发动机 保护剂 ， 加 工时费 总共 863 。 坐标 福州,动力,0
vDEBOiVMdYSfqHIC,建议 你 看 一下 你 车子 使用 说明书 上 关于 平均 油耗 显示 的 介绍 ， 按 上面 的 要求 设置 一下 .,油耗,0
jpYGzoeCqcDnSEN2,顶 一个 ！   同款 白森   油耗 也 是 9.6,油耗,0
73PsvBwEAGkXQNqu,最近 用 长城 2 ― 20 全 合成 机油 感觉 还 可以 ， 而且 价格便宜 ！,价格,1
7YJu1TIox2ZwU0HA,我试 驾过 2.0 顶配 的 车型   动力 没 问题   开 空调 满载 4 人上 大坡 也 没 压力 就是 感觉 噪音控制 不如 奇骏 其他 车 没 开过   不好 评价,动力,0
er2NBfm3RHUnXKqs,坐套 我 用 的 坐垫 ， 不带 靠背 那种 ， 纯亚麻 的 ， 下面 硅胶 不会 滑动 ， 后排 都 是 直接 放 上面 的 ， 洗衣机 洗 过 一次 ， 也 没 变形 啥 的 ， 质量 还 不错 ， 俩 前排 ， 一 后 排长 条 的 四百多 ， 安全带 插扣 后排 完全 匹配 ， 你 得 找 找 ， 店铺 我 忘 了,内饰,0
J94mfpztUMPT7xA0,好 的 ， 我 去 拆下来 看看 ， 你 的 换 好 之后 现在 油耗 基本 在 多少 了 ？,油耗,0
vpjIqTc6ub7ALaO9,本来 想买撼 路者 ， 也 考虑 到 越野 能力 过剩 和 油耗 而 放弃 。,油耗,-1
up0EkZYcyUblr5zx,关于 油耗 的 高低 ， 你 只 需 参看 一下 厂家 的 官方 油耗 ， 具体 的 实际 油耗 会 比 这个 油耗 要 高出 不少 来 的 . 网上 查到 的 一笑而过 吧,油耗,0
LCu8tjYaUrPvQVMk,我 感觉 你 的 车烧 机油 还要 严重 些,动力,0
6h0lxmfKQAYiVzvq,原来 有个 帖子 讲 在 后视镜 根部 贴 胶带 减少 风噪 的 办法 ， 一直 想 试试 只是 没 找到 合适 的 材料 。 但是 后来 在 高速 上 我 想 体验 下 后视镜 风噪 到底 有 多 大将 后视镜 折叠 起来 试 了 几次 发现 风噪 基本 没有 区别 。,舒适性/内饰,0
UJ3XyQLtB5CIaFPH,脚下 比较 狠 ， 常年 维持 在 8L ， 2.5 排量 四驱车 斯巴鲁 油耗 确实 不错 。,油耗,1
v1ILH7yU9jdMb3Ru,我 之前 加 92 ， 现在 加 95 ， 还是 出现 这 情况 、 底盘 撞击声 很 明显 ， 脚感 也 明显,操控,0
jKwVy0pIgcX6l42W,2.0 和 2.5 的 。 油耗 相差 很小 。 还是 2.5 的 合适 ， 超车 ， 满员 的 时候 。 就 体验 出来 了,油耗,0
jaPlo9suWqKcCy5w,这车 的 中控 导航 就 那么回事 了 ， 大家 都 吐 槽,配置,0
ILONF19BSYhvkqwz,15 特装 2.0 ， 在 全国 堵城 排名 从来 没有 出过 top3 的 济南 油耗 15 个 ， 以为 车 又 毛病 ， 但是 跑 高速 只有 8 ~ 9 个 很 正常 ， 估计 和 我 的 驾驶 习惯 有 关系,油耗,0
yYzCtAohi6UbVJce,换全 合成 机油 机滤 ， 440 元 。 空调 滤芯 60 - 80 元 ， 空气 滤芯 40 - 60 元 。 其他 的 无 。,舒适性,0
